Model,Accuracy,Precision,Recall,F1 Score,Confusion Matrix
Logistic,0.9918509895227008,0.9890983420395185,0.9965675057208238,0.9928188760971162,"[[3313, 48], [15, 4355]]"
Rf,0.9956021213297116,0.9947512551346417,0.9974828375286041,0.9961151736745887,"[[3338, 23], [11, 4359]]"
Ridge,0.9976717112922002,0.9972577696526508,0.9986270022883296,0.9979419163045964,"[[3349, 12], [6, 4364]]"
